size,seq_bubble,par_bubble,speedup_bubble,seq_merge,par_merge,speedup_merge,efficiency
1000,0.00260238,0.0140038,0.185834,0.000192521,0.000205246,0.938001,0.140479
5000,0.0532473,0.0244356,2.17909,0.0010534,0.000578778,1.82005,0.499893
10000,0.359568,0.827431,0.434559,0.00216,0.00117303,1.84139,0.284493
30000,2.92735,8.06001,0.363195,0.00671423,0.00328787,2.04212,0.300664
50000,8.33564,13.6679,0.609872,0.0109791,0.0753677,0.145674,0.0944432
