size,seq_time,par_time,speedup,efficiency
10000,1.8e-05,2.9696e-05,0.606142,0.0303071
100000,0.000185,2.4576e-05,7.52767,0.376383
1000000,0.001737,0.000172032,10.097,0.504848
5000000,0.009568,0.000708608,13.5025,0.675126
20000000,0.034566,0.00279757,12.3557,0.617787
50000000,0.088267,0.00685773,12.8712,0.643559
