size,seq_time,par_time,speedup,efficiency
1000,8e-06,0.104395,7.66323e-05,1.91581e-06
100000,0.000309,1.7056e-05,18.1168,0.45292
1000000,0.005705,4.7168e-05,120.951,3.02377
5000000,0.026702,0.000229248,116.476,2.91191
10000000,0.047578,0.00045872,103.719,2.59298
