size,seqdfs,pardfs,speedup,efficiency
100,4.5697e-05,0.0241637,0.00189114,0.000472786
500,0.000608973,0.00573062,0.106267,0.0265666
2000,0.0185398,0.0147577,1.25628,0.31407
5000,0.0921104,0.112888,0.815942,0.203986
10000,0.261561,0.401086,0.652133,0.163033
